{"cameraMode":{"drawMode":0,"name":"Shaded","section":"Shading Mode"},"sceneLighting":false,"audioPlay":false,"sceneViewState":{"showFog":true,"showMaterialUpdate":false,"showSkybox":false,"showFlares":true,"showImageEffects":true,"showParticleSystems":true},"in2DMode":false,"pivot":{"x":-0.08381789922714234,"y":0.0033308027777820827,"z":0.0347609780728817},"rotation":{"x":-0.047090303152799609,"y":0.9449114799499512,"z":-0.28332141041755679,"w":-0.15704821050167085},"size":22.0,"orthographic":false}