{"cameraMode":{"drawMode":0,"name":"Shaded","section":"Shading Mode"},"sceneLighting":false,"audioPlay":false,"sceneViewState":{"showFog":true,"showMaterialUpdate":false,"showSkybox":false,"showFlares":true,"showImageEffects":true,"showParticleSystems":true},"in2DMode":false,"pivot":{"x":-1.6763944625854493,"y":-0.7735899686813355,"z":0.19152505695819856},"rotation":{"x":0.17694590985774995,"y":-0.6830833554267883,"z":0.17610037326812745,"w":0.6863612532615662},"size":3.8410756587982179,"orthographic":false}