{"cameraMode":{"drawMode":0,"name":"Shaded","section":"Shading Mode"},"sceneLighting":false,"audioPlay":false,"sceneViewState":{"showFog":true,"showMaterialUpdate":false,"showSkybox":false,"showFlares":true,"showImageEffects":true,"showParticleSystems":true},"in2DMode":false,"pivot":{"x":-1.3380000591278077,"y":0.9409999847412109,"z":1.8630000352859498},"rotation":{"x":0.20729781687259675,"y":-0.0026300977915525438,"z":0.0005670511163771153,"w":0.9782878160476685},"size":0.36428752541542055,"orthographic":false}