{"cameraMode":{"drawMode":0,"name":"Shaded","section":"Shading Mode"},"sceneLighting":true,"audioPlay":false,"sceneViewState":{"showFog":true,"showMaterialUpdate":false,"showSkybox":true,"showFlares":true,"showImageEffects":true,"showParticleSystems":true},"in2DMode":false,"pivot":{"x":345.7006530761719,"y":312.0982360839844,"z":16.26129150390625},"rotation":{"x":0.048279598355293277,"y":-0.020978720858693124,"z":0.001015782356262207,"w":0.9986206293106079},"size":488.4613952636719,"orthographic":false}