{"cameraMode":{"drawMode":0,"name":"Shaded","section":"Shading Mode"},"sceneLighting":false,"audioPlay":false,"sceneViewState":{"showFog":true,"showMaterialUpdate":false,"showSkybox":false,"showFlares":true,"showImageEffects":true,"showParticleSystems":true},"in2DMode":false,"pivot":{"x":5.538079261779785,"y":0.6090657711029053,"z":9.132737159729004},"rotation":{"x":0.15347954630851746,"y":0.7265011072158814,"z":-0.17225807905197144,"w":0.6472873687744141},"size":7.669222831726074,"orthographic":false}