{"cameraMode":{"drawMode":0,"name":"Shaded","section":"Shading Mode"},"sceneLighting":false,"audioPlay":false,"sceneViewState":{"showFog":true,"showMaterialUpdate":false,"showSkybox":false,"showFlares":true,"showImageEffects":true,"showParticleSystems":true},"in2DMode":false,"pivot":{"x":7.928332805633545,"y":4.407140254974365,"z":0.9649200439453125},"rotation":{"x":0.10063719004392624,"y":-0.00715377414599061,"z":0.0007256223470903933,"w":0.9949039220809937},"size":5.823040008544922,"orthographic":false}