{"cameraMode":{"drawMode":0,"name":"Shaded","section":"Shading Mode"},"sceneLighting":false,"audioPlay":false,"sceneViewState":{"showFog":true,"showMaterialUpdate":false,"showSkybox":false,"showFlares":true,"showImageEffects":true,"showParticleSystems":true},"in2DMode":false,"pivot":{"x":-0.2959708869457245,"y":-1.2311897277832032,"z":1.9263676404953004},"rotation":{"x":0.25845590233802798,"y":-0.09802936762571335,"z":0.02637786604464054,"w":0.9606898427009583},"size":3.045234203338623,"orthographic":false}